 , AVG TIME, AVG COUNT
BUBBLE SORT, 0.001563, 0.000000
SELECTION SORT, 0.001563, 0.000000
INSERTION SORT, 0.001563, 0.000000
MERGE SORT, 0.001563, 0.000000
SORT 5, 0.001563, 0.000000
SORT 6, 0.001563, 0.000000
